{"cameraMode":{"drawMode":0,"name":"Shaded","section":"Shading Mode"},"sceneLighting":false,"audioPlay":false,"sceneViewState":{"m_AlwaysRefresh":false,"showFog":true,"showSkybox":false,"showFlares":true,"showImageEffects":true,"showParticleSystems":true,"showVisualEffectGraphs":true,"m_FxEnabled":true},"in2DMode":false,"pivot":{"x":0.10000002384185791,"y":0.09686565399169922,"z":-0.000049114227294921875},"rotation":{"x":-0.0031772369984537365,"y":-0.7081590890884399,"z":-0.0031866913195699455,"w":0.7060374021530151},"size":5.024939060211182,"orthographic":true}